2021-06-18T17:45:58.1624031158,k8s-worker-1,8974,0.0,4194304,25.1
2021-06-18T17:45:58.1624031158,k8s-worker-2,9331,0.0,4194304,25.1
2021-06-18T17:46:01.1624031161,k8s-worker-1,8974,0.0,4194304,25.1
2021-06-18T17:46:01.1624031161,k8s-worker-2,9331,0.0,4194304,25.1
2021-06-18T17:46:04.1624031164,k8s-worker-1,8974,0.0,4194304,25.1
2021-06-18T17:46:04.1624031164,k8s-worker-2,9332,0.0,4194304,25.1
2021-06-18T17:46:07.1624031167,k8s-worker-1,8975,0.0,4194304,25.1
2021-06-18T17:46:07.1624031167,k8s-worker-2,9332,0.0,4194304,25.1
2021-06-18T17:46:10.1624031170,k8s-worker-1,8975,0.0,4194304,25.1
2021-06-18T17:46:10.1624031170,k8s-worker-2,9332,0.0,4194304,25.1
2021-06-18T17:46:13.1624031173,k8s-worker-1,8975,0.0,4194304,25.1
2021-06-18T17:46:13.1624031173,k8s-worker-2,9332,0.0,4194304,25.1
2021-06-18T17:46:16.1624031176,k8s-worker-1,8975,0.0,4194304,25.1
2021-06-18T17:46:16.1624031176,k8s-worker-2,9332,0.0,4194304,25.1
2021-06-18T17:46:19.1624031179,k8s-worker-1,8975,0.0,4194304,25.1
2021-06-18T17:46:19.1624031179,k8s-worker-2,9332,0.0,4194304,25.1
2021-06-18T17:46:22.1624031182,k8s-worker-1,8975,0.0,4194304,25.1
2021-06-18T17:46:22.1624031182,k8s-worker-2,9333,0.0,4194304,25.1
2021-06-18T17:46:25.1624031185,k8s-worker-1,8976,0.0,4194304,25.1
2021-06-18T17:46:25.1624031185,k8s-worker-2,9333,0.0,4194304,25.1
2021-06-18T17:46:28.1624031188,k8s-worker-1,8976,0.0,4194304,25.1
2021-06-18T17:46:28.1624031188,k8s-worker-2,9333,0.0,4194304,25.1
2021-06-18T17:46:31.1624031191,k8s-worker-1,8976,0.0,4194304,25.1
2021-06-18T17:46:31.1624031191,k8s-worker-2,9333,0.0,4194304,25.1
2021-06-18T17:46:34.1624031194,k8s-worker-1,8976,0.0,4194304,25.1
2021-06-18T17:46:34.1624031194,k8s-worker-2,9333,0.0,4194304,25.1
2021-06-18T17:46:37.1624031197,k8s-worker-1,8976,0.0,4194304,25.1
2021-06-18T17:46:37.1624031197,k8s-worker-2,9334,0.0,4194304,25.1
2021-06-18T17:46:40.1624031200,k8s-worker-1,8976,0.0,4194304,25.1
2021-06-18T17:46:40.1624031200,k8s-worker-2,9334,0.0,4194304,25.1
2021-06-18T17:46:43.1624031203,k8s-worker-1,8977,0.0,4194304,25.1
2021-06-18T17:46:43.1624031203,k8s-worker-2,9334,0.0,4194304,25.1
2021-06-18T17:46:46.1624031206,k8s-worker-1,8977,0.0,4194304,25.1
2021-06-18T17:46:46.1624031206,k8s-worker-2,9334,0.0,4194304,25.1
2021-06-18T17:46:49.1624031209,k8s-worker-1,8977,0.0,4194304,25.1
2021-06-18T17:46:49.1624031209,k8s-worker-2,9334,0.0,4194304,25.1
2021-06-18T17:46:52.1624031212,k8s-worker-1,8977,0.0,4194304,25.1
2021-06-18T17:46:52.1624031212,k8s-worker-2,9335,0.0,4194304,25.1
2021-06-18T17:46:55.1624031215,k8s-worker-1,8977,0.0,4194304,25.1
2021-06-18T17:46:55.1624031215,k8s-worker-2,9335,0.0,4194304,25.1
2021-06-18T17:46:58.1624031218,k8s-worker-1,8977,0.0,4194304,25.1
2021-06-18T17:46:58.1624031218,k8s-worker-2,9335,0.0,4194304,25.1
2021-06-18T17:47:01.1624031221,k8s-worker-1,8978,0.0,4194304,25.1
2021-06-18T17:47:01.1624031221,k8s-worker-2,9335,0.0,4194304,25.1
2021-06-18T17:47:04.1624031224,k8s-worker-1,8978,0.0,4194304,25.1
2021-06-18T17:47:04.1624031224,k8s-worker-2,9335,0.0,4194304,25.1
2021-06-18T17:47:07.1624031227,k8s-worker-1,8978,0.0,4194304,25.1
2021-06-18T17:47:07.1624031227,k8s-worker-2,9335,0.0,4194304,25.1
2021-06-18T17:47:10.1624031230,k8s-worker-1,8978,0.0,4194304,25.1
2021-06-18T17:47:10.1624031230,k8s-worker-2,9336,0.0,4194304,25.1
2021-06-18T17:47:13.1624031233,k8s-worker-1,8978,0.0,4194304,25.1
2021-06-18T17:47:13.1624031233,k8s-worker-2,9336,0.0,4194304,25.1
2021-06-18T17:47:16.1624031236,k8s-worker-1,8979,0.0,4194304,25.1
2021-06-18T17:47:16.1624031236,k8s-worker-2,9336,0.0,4194304,25.1
2021-06-18T17:47:19.1624031239,k8s-worker-1,8979,0.0,4194304,25.1
2021-06-18T17:47:19.1624031239,k8s-worker-2,9336,0.0,4194304,25.1
2021-06-18T17:47:22.1624031242,k8s-worker-1,8979,0.0,4194304,25.1
2021-06-18T17:47:22.1624031242,k8s-worker-2,9336,0.0,4194304,25.1
2021-06-18T17:47:25.1624031245,k8s-worker-1,8979,0.0,4194304,25.1
2021-06-18T17:47:25.1624031245,k8s-worker-2,9337,0.0,4194304,25.1
2021-06-18T17:47:28.1624031248,k8s-worker-1,8979,0.0,4194304,25.1
2021-06-18T17:47:28.1624031248,k8s-worker-2,9337,0.0,4194304,25.1
2021-06-18T17:47:31.1624031251,k8s-worker-1,8979,0.0,4194304,25.1
2021-06-18T17:47:31.1624031251,k8s-worker-2,9337,0.0,4194304,25.1
2021-06-18T17:47:34.1624031254,k8s-worker-1,8980,0.0,4194304,25.1
2021-06-18T17:47:34.1624031254,k8s-worker-2,9337,0.0,4194304,25.1
2021-06-18T17:47:37.1624031257,k8s-worker-1,8980,0.0,4194304,25.1
2021-06-18T17:47:37.1624031257,k8s-worker-2,9337,0.0,4194304,25.1
2021-06-18T17:47:40.1624031260,k8s-worker-1,8980,0.0,4194304,25.1
2021-06-18T17:47:40.1624031260,k8s-worker-2,9338,0.0,4194304,25.1
2021-06-18T17:47:43.1624031263,k8s-worker-1,8980,0.0,4194304,25.1
2021-06-18T17:47:43.1624031263,k8s-worker-2,9338,0.0,4194304,25.1
2021-06-18T17:47:46.1624031266,k8s-worker-1,8980,0.0,4194304,25.1
2021-06-18T17:47:46.1624031266,k8s-worker-2,9338,0.0,4194304,25.1
2021-06-18T17:47:49.1624031269,k8s-worker-1,8980,0.0,4194304,25.1
2021-06-18T17:47:49.1624031269,k8s-worker-2,9338,0.0,4194304,25.1
2021-06-18T17:47:52.1624031272,k8s-worker-1,8981,0.0,4194304,25.1
2021-06-18T17:47:52.1624031272,k8s-worker-2,9338,0.0,4194304,25.1
2021-06-18T17:47:55.1624031275,k8s-worker-1,8981,0.0,4194304,25.1
2021-06-18T17:47:55.1624031275,k8s-worker-2,9339,0.0,4194304,25.1
2021-06-18T17:47:58.1624031278,k8s-worker-1,8981,0.0,4194304,25.1
2021-06-18T17:47:58.1624031278,k8s-worker-2,9339,0.0,4194304,25.1
2021-06-18T17:48:01.1624031281,k8s-worker-1,8981,0.0,4194304,25.1
2021-06-18T17:48:01.1624031281,k8s-worker-2,9339,0.0,4194304,25.1
2021-06-18T17:48:04.1624031284,k8s-worker-1,8981,0.0,4194304,25.1
2021-06-18T17:48:04.1624031284,k8s-worker-2,9339,0.0,4194304,25.1
2021-06-18T17:48:07.1624031287,k8s-worker-1,8981,0.0,4194304,25.1
2021-06-18T17:48:07.1624031287,k8s-worker-2,9339,0.0,4194304,25.1
2021-06-18T17:48:10.1624031290,k8s-worker-1,8982,0.0,4194304,25.1
2021-06-18T17:48:10.1624031290,k8s-worker-2,9339,0.0,4194304,25.1
2021-06-18T17:48:13.1624031293,k8s-worker-1,8982,0.0,4194304,25.1
2021-06-18T17:48:13.1624031293,k8s-worker-2,9340,0.0,4194304,25.1
2021-06-18T17:48:16.1624031296,k8s-worker-1,8982,0.0,4194304,25.1
2021-06-18T17:48:16.1624031296,k8s-worker-2,9340,0.0,4194304,25.1
2021-06-18T17:48:19.1624031299,k8s-worker-1,8982,0.0,4194304,25.1
2021-06-18T17:48:19.1624031299,k8s-worker-2,9340,0.0,4194304,25.1
2021-06-18T17:48:22.1624031302,k8s-worker-1,8982,0.0,4194304,25.1
2021-06-18T17:48:22.1624031302,k8s-worker-2,9340,0.0,4194304,25.1
2021-06-18T17:48:25.1624031305,k8s-worker-1,8983,0.0,4194304,25.1
2021-06-18T17:48:25.1624031305,k8s-worker-2,9340,0.0,4194304,25.1
2021-06-18T17:48:28.1624031308,k8s-worker-1,8983,0.0,4194304,25.1
2021-06-18T17:48:28.1624031308,k8s-worker-2,9341,0.0,4194304,25.1
2021-06-18T17:48:31.1624031311,k8s-worker-1,8983,0.0,4194304,25.1
2021-06-18T17:48:31.1624031311,k8s-worker-2,9341,0.0,4194304,25.1
2021-06-18T17:48:34.1624031314,k8s-worker-1,8983,0.0,4194304,25.1
2021-06-18T17:48:34.1624031314,k8s-worker-2,9341,0.0,4194304,25.1
2021-06-18T17:48:37.1624031317,k8s-worker-1,8983,0.0,4194304,25.1
2021-06-18T17:48:37.1624031317,k8s-worker-2,9341,0.0,4194304,25.1
2021-06-18T17:48:40.1624031320,k8s-worker-1,8983,0.0,4194304,25.1
2021-06-18T17:48:40.1624031320,k8s-worker-2,9341,0.0,4194304,25.1
2021-06-18T17:48:43.1624031323,k8s-worker-1,8984,0.0,4194304,25.1
2021-06-18T17:48:43.1624031323,k8s-worker-2,9342,0.0,4194304,25.1
2021-06-18T17:48:46.1624031326,k8s-worker-1,8984,0.0,4194304,25.1
2021-06-18T17:48:46.1624031326,k8s-worker-2,9342,0.0,4194304,25.1
2021-06-18T17:48:49.1624031329,k8s-worker-1,8984,0.0,4194304,25.1
2021-06-18T17:48:49.1624031329,k8s-worker-2,9342,0.0,4194304,25.1
2021-06-18T17:48:52.1624031332,k8s-worker-1,8984,0.0,4194304,25.1
2021-06-18T17:48:52.1624031332,k8s-worker-2,9342,0.0,4194304,25.1
2021-06-18T17:48:55.1624031335,k8s-worker-1,8984,0.0,4194304,25.1
2021-06-18T17:48:55.1624031335,k8s-worker-2,9342,0.0,4194304,25.1
2021-06-18T17:48:58.1624031338,k8s-worker-1,8984,0.0,4194304,25.1
2021-06-18T17:48:58.1624031338,k8s-worker-2,9343,0.0,4194304,25.1
2021-06-18T17:49:01.1624031341,k8s-worker-1,8985,0.0,4194304,25.1
2021-06-18T17:49:01.1624031341,k8s-worker-2,9343,0.0,4194304,25.1
2021-06-18T17:49:04.1624031344,k8s-worker-1,8985,0.0,4194304,25.1
2021-06-18T17:49:04.1624031344,k8s-worker-2,9343,0.0,4194304,25.1
2021-06-18T17:49:07.1624031347,k8s-worker-1,8985,0.0,4194304,25.1
2021-06-18T17:49:07.1624031347,k8s-worker-2,9343,0.0,4194304,25.1
2021-06-18T17:49:10.1624031350,k8s-worker-1,8985,0.0,4194304,25.1
2021-06-18T17:49:10.1624031350,k8s-worker-2,9343,0.0,4194304,25.1
2021-06-18T17:49:13.1624031353,k8s-worker-1,8985,0.0,4194304,25.1
2021-06-18T17:49:13.1624031353,k8s-worker-2,9344,0.0,4194304,25.1
2021-06-18T17:49:16.1624031356,k8s-worker-1,8986,0.0,4194304,25.1
2021-06-18T17:49:16.1624031356,k8s-worker-2,9344,0.0,4194304,25.1
2021-06-18T17:49:19.1624031359,k8s-worker-1,8986,0.0,4194304,25.1
2021-06-18T17:49:19.1624031359,k8s-worker-2,9344,0.0,4194304,25.1
2021-06-18T17:49:22.1624031362,k8s-worker-1,8986,0.0,4194304,25.1
2021-06-18T17:49:22.1624031362,k8s-worker-2,9344,0.0,4194304,25.1
2021-06-18T17:49:25.1624031365,k8s-worker-1,8986,0.0,4194304,25.1
2021-06-18T17:49:25.1624031365,k8s-worker-2,9344,0.0,4194304,25.1
2021-06-18T17:49:28.1624031368,k8s-worker-1,8986,0.0,4194304,25.1
2021-06-18T17:49:28.1624031368,k8s-worker-2,9345,0.0,4194304,25.1
2021-06-18T17:49:31.1624031371,k8s-worker-1,8986,0.0,4194304,25.1
2021-06-18T17:49:31.1624031371,k8s-worker-2,9345,0.0,4194304,25.1
2021-06-18T17:49:34.1624031374,k8s-worker-1,8987,0.0,4194304,25.1
2021-06-18T17:49:34.1624031374,k8s-worker-2,9345,0.0,4194304,25.1
2021-06-18T17:49:37.1624031377,k8s-worker-1,8987,0.0,4194304,25.1
2021-06-18T17:49:37.1624031377,k8s-worker-2,9345,0.0,4194304,25.1
2021-06-18T17:49:40.1624031380,k8s-worker-1,8987,0.0,4194304,25.1
2021-06-18T17:49:40.1624031380,k8s-worker-2,9345,0.0,4194304,25.1
2021-06-18T17:49:43.1624031383,k8s-worker-1,8987,0.0,4194304,25.1
2021-06-18T17:49:43.1624031383,k8s-worker-2,9345,0.0,4194304,25.1
2021-06-18T17:49:46.1624031386,k8s-worker-1,8987,0.0,4194304,25.1
2021-06-18T17:49:46.1624031386,k8s-worker-2,9346,0.0,4194304,25.1
2021-06-18T17:49:49.1624031389,k8s-worker-1,8987,0.0,4194304,25.1
2021-06-18T17:49:49.1624031389,k8s-worker-2,9346,0.0,4194304,25.1
2021-06-18T17:49:52.1624031392,k8s-worker-1,8988,0.0,4194304,25.1
2021-06-18T17:49:52.1624031392,k8s-worker-2,9346,0.0,4194304,25.1
2021-06-18T17:49:55.1624031395,k8s-worker-1,8988,0.0,4194304,25.1
2021-06-18T17:49:55.1624031395,k8s-worker-2,9346,0.0,4194304,25.1
2021-06-18T17:49:58.1624031398,k8s-worker-1,8988,0.0,4194304,25.1
2021-06-18T17:49:58.1624031398,k8s-worker-2,9346,0.0,4194304,25.1
2021-06-18T17:50:01.1624031401,k8s-worker-1,8988,0.0,4194304,25.1
2021-06-18T17:50:01.1624031401,k8s-worker-2,9347,0.0,4194304,25.1
2021-06-18T17:50:04.1624031404,k8s-worker-1,8988,0.0,4194304,25.1
2021-06-18T17:50:04.1624031404,k8s-worker-2,9347,0.0,4194304,25.1
2021-06-18T17:50:07.1624031407,k8s-worker-1,8988,0.0,4194304,25.1
2021-06-18T17:50:07.1624031407,k8s-worker-2,9347,0.0,4194304,25.1
2021-06-18T17:50:10.1624031410,k8s-worker-1,8989,0.0,4194304,25.1
2021-06-18T17:50:10.1624031410,k8s-worker-2,9347,0.0,4194304,25.1
2021-06-18T17:50:13.1624031413,k8s-worker-1,8989,0.0,4194304,25.1
2021-06-18T17:50:13.1624031413,k8s-worker-2,9347,0.0,4194304,25.1
2021-06-18T17:50:16.1624031416,k8s-worker-1,8989,0.0,4194304,25.1
2021-06-18T17:50:16.1624031416,k8s-worker-2,9348,0.0,4194304,25.1
2021-06-18T17:50:19.1624031419,k8s-worker-1,8989,0.0,4194304,25.1
2021-06-18T17:50:19.1624031419,k8s-worker-2,9348,0.0,4194304,25.1
2021-06-18T17:50:22.1624031422,k8s-worker-1,8989,0.0,4194304,25.1
2021-06-18T17:50:22.1624031422,k8s-worker-2,9348,0.0,4194304,25.1
2021-06-18T17:50:25.1624031425,k8s-worker-1,8989,0.0,4194304,25.1
2021-06-18T17:50:25.1624031425,k8s-worker-2,9348,0.0,4194304,25.1
2021-06-18T17:50:28.1624031428,k8s-worker-1,8990,0.0,4194304,25.1
2021-06-18T17:50:28.1624031428,k8s-worker-2,9348,0.0,4194304,25.1
2021-06-18T17:50:31.1624031431,k8s-worker-1,8990,0.0,4194304,25.1
2021-06-18T17:50:31.1624031431,k8s-worker-2,9349,0.0,4194304,25.1
2021-06-18T17:50:34.1624031434,k8s-worker-1,8990,0.0,4194304,25.1
2021-06-18T17:50:34.1624031434,k8s-worker-2,9349,0.0,4194304,25.1
2021-06-18T17:50:37.1624031437,k8s-worker-1,8990,0.0,4194304,25.1
2021-06-18T17:50:37.1624031437,k8s-worker-2,9349,0.0,4194304,25.1
2021-06-18T17:50:40.1624031440,k8s-worker-1,8990,0.0,4194304,25.1
2021-06-18T17:50:40.1624031440,k8s-worker-2,9349,0.0,4194304,25.1
2021-06-18T17:50:43.1624031443,k8s-worker-1,8991,0.0,4194304,25.1
2021-06-18T17:50:43.1624031443,k8s-worker-2,9349,0.0,4194304,25.1
2021-06-18T17:50:46.1624031446,k8s-worker-1,8991,0.0,4194304,25.1
2021-06-18T17:50:46.1624031446,k8s-worker-2,9350,0.0,4194304,25.1
2021-06-18T17:50:49.1624031449,k8s-worker-1,8991,0.0,4194304,25.1
2021-06-18T17:50:49.1624031449,k8s-worker-2,9350,0.0,4194304,25.1
2021-06-18T17:50:52.1624031452,k8s-worker-1,8991,0.0,4194304,25.1
2021-06-18T17:50:52.1624031452,k8s-worker-2,9350,0.0,4194304,25.1
2021-06-18T17:50:55.1624031455,k8s-worker-1,8991,0.0,4194304,25.1
2021-06-18T17:50:55.1624031455,k8s-worker-2,9350,0.0,4194304,25.1
2021-06-18T17:50:58.1624031458,k8s-worker-1,8991,0.0,4194304,25.1
2021-06-18T17:50:58.1624031458,k8s-worker-2,9350,0.0,4194304,25.1
2021-06-18T17:51:01.1624031461,k8s-worker-1,8992,0.0,4194304,25.1
2021-06-18T17:51:01.1624031461,k8s-worker-2,9350,0.0,4194304,25.1
2021-06-18T17:51:04.1624031464,k8s-worker-1,8992,0.0,4194304,25.1
2021-06-18T17:51:04.1624031464,k8s-worker-2,9351,0.0,4194304,25.1
2021-06-18T17:51:07.1624031467,k8s-worker-1,8992,0.0,4194304,25.1
2021-06-18T17:51:07.1624031467,k8s-worker-2,9351,0.0,4194304,25.1
2021-06-18T17:51:10.1624031470,k8s-worker-1,8992,0.0,4194304,25.1
2021-06-18T17:51:10.1624031470,k8s-worker-2,9351,0.0,4194304,25.1
2021-06-18T17:51:13.1624031473,k8s-worker-1,8992,0.0,4194304,25.1
2021-06-18T17:51:13.1624031473,k8s-worker-2,9351,0.0,4194304,25.1
2021-06-18T17:51:16.1624031476,k8s-worker-1,8992,0.0,4194304,25.1
2021-06-18T17:51:16.1624031476,k8s-worker-2,9351,0.0,4194304,25.1
2021-06-18T17:51:19.1624031479,k8s-worker-1,8993,0.0,4194304,25.1
2021-06-18T17:51:19.1624031479,k8s-worker-2,9352,0.0,4194304,25.1
2021-06-18T17:51:22.1624031482,k8s-worker-1,8993,0.0,4194304,25.1
2021-06-18T17:51:22.1624031482,k8s-worker-2,9352,0.0,4194304,25.1
2021-06-18T17:51:25.1624031485,k8s-worker-1,8993,0.0,4194304,25.1
2021-06-18T17:51:25.1624031485,k8s-worker-2,9352,0.0,4194304,25.1
2021-06-18T17:51:28.1624031488,k8s-worker-1,8993,0.0,4194304,25.1
2021-06-18T17:51:28.1624031488,k8s-worker-2,9352,0.0,4194304,25.1
2021-06-18T17:51:31.1624031491,k8s-worker-1,8993,0.0,4194304,25.1
2021-06-18T17:51:31.1624031491,k8s-worker-2,9352,0.0,4194304,25.1
2021-06-18T17:51:34.1624031494,k8s-worker-1,8993,0.0,4194304,25.1
2021-06-18T17:51:34.1624031494,k8s-worker-2,9352,0.0,4194304,25.1
2021-06-18T17:51:37.1624031497,k8s-worker-1,8994,0.0,4194304,25.1
2021-06-18T17:51:37.1624031497,k8s-worker-2,9353,0.0,4194304,25.1
2021-06-18T17:51:40.1624031500,k8s-worker-1,8994,0.0,4194304,25.1
2021-06-18T17:51:40.1624031500,k8s-worker-2,9353,0.0,4194304,25.1
2021-06-18T17:51:43.1624031503,k8s-worker-1,8994,0.0,4194304,25.1
2021-06-18T17:51:43.1624031503,k8s-worker-2,9353,0.0,4194304,25.1
2021-06-18T17:51:46.1624031506,k8s-worker-1,8994,0.0,4194304,25.1
2021-06-18T17:51:46.1624031506,k8s-worker-2,9353,0.0,4194304,25.1
2021-06-18T17:51:49.1624031509,k8s-worker-1,8994,0.0,4194304,25.1
2021-06-18T17:51:49.1624031509,k8s-worker-2,9353,0.0,4194304,25.1
2021-06-18T17:51:52.1624031512,k8s-worker-1,8994,0.0,4194304,25.1
2021-06-18T17:51:52.1624031512,k8s-worker-2,9354,0.0,4194304,25.1
2021-06-18T17:51:55.1624031515,k8s-worker-1,8995,0.0,4194304,25.1
2021-06-18T17:51:55.1624031515,k8s-worker-2,9354,0.0,4194304,25.1
2021-06-18T17:51:58.1624031518,k8s-worker-1,8995,0.0,4194304,25.1
2021-06-18T17:51:58.1624031518,k8s-worker-2,9354,0.0,4194304,25.1
2021-06-18T17:52:01.1624031521,k8s-worker-1,8995,0.0,4194304,25.1
2021-06-18T17:52:01.1624031521,k8s-worker-2,9354,0.0,4194304,25.1
2021-06-18T17:52:04.1624031524,k8s-worker-1,8995,0.0,4194304,25.1
2021-06-18T17:52:04.1624031524,k8s-worker-2,9354,0.0,4194304,25.1
2021-06-18T17:52:07.1624031527,k8s-worker-1,8995,0.0,4194304,25.1
2021-06-18T17:52:07.1624031527,k8s-worker-2,9355,0.0,4194304,25.1
2021-06-18T17:52:10.1624031530,k8s-worker-1,8996,0.0,4194304,25.1
2021-06-18T17:52:10.1624031530,k8s-worker-2,9355,0.0,4194304,25.1
2021-06-18T17:52:13.1624031533,k8s-worker-1,8996,0.0,4194304,25.1
2021-06-18T17:52:13.1624031533,k8s-worker-2,9355,0.0,4194304,25.1
2021-06-18T17:52:16.1624031536,k8s-worker-1,8996,0.0,4194304,25.1
2021-06-18T17:52:16.1624031536,k8s-worker-2,9355,0.0,4194304,25.1
2021-06-18T17:52:19.1624031539,k8s-worker-1,8996,0.0,4194304,25.1
2021-06-18T17:52:19.1624031539,k8s-worker-2,9355,0.0,4194304,25.1
2021-06-18T17:52:22.1624031542,k8s-worker-1,8996,0.0,4194304,25.1
2021-06-18T17:52:22.1624031542,k8s-worker-2,9356,0.0,4194304,25.1
2021-06-18T17:52:25.1624031545,k8s-worker-1,8996,0.0,4194304,25.1
2021-06-18T17:52:25.1624031545,k8s-worker-2,9356,0.0,4194304,25.1
2021-06-18T17:52:28.1624031548,k8s-worker-1,8997,0.0,4194304,25.1
2021-06-18T17:52:28.1624031548,k8s-worker-2,9356,0.0,4194304,25.1
2021-06-18T17:52:31.1624031551,k8s-worker-1,8997,0.0,4194304,25.1
2021-06-18T17:52:31.1624031551,k8s-worker-2,9356,0.0,4194304,25.1
2021-06-18T17:52:34.1624031554,k8s-worker-1,8998,0.0,4194304,25.1
2021-06-18T17:52:34.1624031554,k8s-worker-2,9357,0.0,4194304,25.1
2021-06-18T17:52:37.1624031557,k8s-worker-1,9001,0.0,4194304,25.1
2021-06-18T17:52:37.1624031557,k8s-worker-2,9357,0.0,4194304,25.1
2021-06-18T17:52:40.1624031560,k8s-worker-1,9001,0.0,4194304,25.1
2021-06-18T17:52:40.1624031560,k8s-worker-2,9357,0.0,4194304,25.1
2021-06-18T17:52:43.1624031563,k8s-worker-1,9001,0.0,4194304,25.1
2021-06-18T17:52:43.1624031563,k8s-worker-2,9360,0.0,4194304,25.1
2021-06-18T17:52:46.1624031566,k8s-worker-1,9002,0.0,4194304,25.1
2021-06-18T17:52:46.1624031566,k8s-worker-2,9363,0.0,4194304,25.1
2021-06-18T17:52:49.1624031569,k8s-worker-1,9002,0.0,4194304,25.1
2021-06-18T17:52:49.1624031569,k8s-worker-2,9363,0.0,4194304,25.1
2021-06-18T17:52:52.1624031572,k8s-worker-1,9002,0.0,4194304,25.1
2021-06-18T17:52:52.1624031572,k8s-worker-2,9363,0.0,4194304,25.1
2021-06-18T17:52:55.1624031575,k8s-worker-1,9003,0.0,4194304,25.1
2021-06-18T17:52:55.1624031575,k8s-worker-2,9363,0.0,4194304,25.1
2021-06-18T17:52:58.1624031578,k8s-worker-1,9003,0.0,4194304,25.1
2021-06-18T17:52:58.1624031578,k8s-worker-2,9364,0.0,4194304,25.1
2021-06-18T17:53:01.1624031581,k8s-worker-1,9003,0.0,4194304,25.1
2021-06-18T17:53:01.1624031581,k8s-worker-2,9364,0.0,4194304,25.1
2021-06-18T17:53:04.1624031584,k8s-worker-1,9003,0.0,4194304,25.1
2021-06-18T17:53:04.1624031584,k8s-worker-2,9364,0.0,4194304,25.1
2021-06-18T17:53:07.1624031587,k8s-worker-1,9004,0.0,4194304,25.1
2021-06-18T17:53:07.1624031587,k8s-worker-2,9364,0.0,4194304,25.1
2021-06-18T17:53:10.1624031590,k8s-worker-1,9004,0.0,4194304,25.1
2021-06-18T17:53:10.1624031590,k8s-worker-2,9366,0.0,4194304,25.1
2021-06-18T17:53:13.1624031593,k8s-worker-1,9004,0.0,4194304,25.1
2021-06-18T17:53:13.1624031593,k8s-worker-2,9370,0.0,4194304,25.1
2021-06-18T17:53:16.1624031596,k8s-worker-1,9004,0.0,4194304,25.1
2021-06-18T17:53:16.1624031596,k8s-worker-2,9374,0.0,4194304,25.1
2021-06-18T17:53:19.1624031599,k8s-worker-1,9005,0.0,4194304,25.1
2021-06-18T17:53:19.1624031599,k8s-worker-2,9378,0.0,4194304,25.1
2021-06-18T17:53:22.1624031602,k8s-worker-1,9005,0.0,4194304,25.1
2021-06-18T17:53:22.1624031602,k8s-worker-2,9382,0.0,4194304,25.1
2021-06-18T17:53:25.1624031605,k8s-worker-1,9005,0.0,4194304,25.1
2021-06-18T17:53:25.1624031605,k8s-worker-2,9385,0.0,4194304,25.1
2021-06-18T17:53:28.1624031608,k8s-worker-1,9005,0.0,4194304,25.1
2021-06-18T17:53:28.1624031608,k8s-worker-2,9389,0.0,4194304,25.1
2021-06-18T17:53:31.1624031611,k8s-worker-1,9006,0.0,4194304,25.1
2021-06-18T17:53:31.1624031611,k8s-worker-2,9393,0.0,4194304,25.1
2021-06-18T17:53:34.1624031614,k8s-worker-1,9006,0.0,4194304,25.1
2021-06-18T17:53:34.1624031614,k8s-worker-2,9397,0.0,4194304,25.1
2021-06-18T17:53:37.1624031617,k8s-worker-1,9006,0.0,4194304,25.1
2021-06-18T17:53:37.1624031617,k8s-worker-2,9401,0.0,4194304,25.1
2021-06-18T17:53:40.1624031620,k8s-worker-1,9006,0.0,4194304,25.1
2021-06-18T17:53:40.1624031620,k8s-worker-2,9404,0.0,4194304,25.1
2021-06-18T17:53:43.1624031623,k8s-worker-1,9007,0.0,4194304,25.1
2021-06-18T17:53:43.1624031623,k8s-worker-2,9408,0.0,4194304,25.1
2021-06-18T17:53:46.1624031626,k8s-worker-1,9007,0.0,4194304,25.1
2021-06-18T17:53:46.1624031626,k8s-worker-2,9412,0.0,4194304,25.1
2021-06-18T17:53:49.1624031629,k8s-worker-1,9007,0.0,4194304,25.1
2021-06-18T17:53:49.1624031629,k8s-worker-2,9416,0.0,4194304,25.1
2021-06-18T17:53:52.1624031632,k8s-worker-1,9007,0.0,4194304,25.1
2021-06-18T17:53:52.1624031632,k8s-worker-2,9420,0.0,4194304,25.1
2021-06-18T17:53:55.1624031635,k8s-worker-1,9008,0.0,4194304,25.1
2021-06-18T17:53:55.1624031635,k8s-worker-2,9424,0.0,4194304,25.1
2021-06-18T17:53:58.1624031638,k8s-worker-1,9008,0.0,4194304,25.1
2021-06-18T17:53:58.1624031638,k8s-worker-2,9427,0.0,4194304,25.1
2021-06-18T17:54:01.1624031641,k8s-worker-1,9008,0.0,4194304,25.1
2021-06-18T17:54:01.1624031641,k8s-worker-2,9431,0.0,4194304,25.1
2021-06-18T17:54:04.1624031644,k8s-worker-1,9009,0.0,4194304,25.1
2021-06-18T17:54:04.1624031644,k8s-worker-2,9435,0.0,4194304,25.1
2021-06-18T17:54:07.1624031647,k8s-worker-1,9009,0.0,4194304,25.1
2021-06-18T17:54:07.1624031647,k8s-worker-2,9439,0.0,4194304,25.1
2021-06-18T17:54:10.1624031650,k8s-worker-1,9009,0.0,4194304,25.1
2021-06-18T17:54:10.1624031650,k8s-worker-2,9443,0.0,4194304,25.1
2021-06-18T17:54:13.1624031653,k8s-worker-1,9009,0.0,4194304,25.1
2021-06-18T17:54:13.1624031653,k8s-worker-2,9446,0.0,4194304,25.1
2021-06-18T17:54:16.1624031656,k8s-worker-1,9010,0.0,4194304,25.1
2021-06-18T17:54:16.1624031656,k8s-worker-2,9450,0.0,4194304,25.1
2021-06-18T17:54:21.1624031661,k8s-worker-1,9010,0.0,4194304,25.1
2021-06-18T17:54:21.1624031661,k8s-worker-2,9457,0.0,4194304,25.1
2021-06-18T17:54:22.1624031662,k8s-worker-1,9010,0.0,4194304,25.1
2021-06-18T17:54:22.1624031662,k8s-worker-2,9458,0.0,4194304,25.1
2021-06-18T17:54:25.1624031665,k8s-worker-1,9010,0.0,4194304,25.1
2021-06-18T17:54:25.1624031665,k8s-worker-2,9462,0.0,4194304,25.1
2021-06-18T17:54:28.1624031668,k8s-worker-1,9011,0.0,4194304,25.1
2021-06-18T17:54:28.1624031668,k8s-worker-2,9465,0.0,4194304,25.1
2021-06-18T17:54:31.1624031671,k8s-worker-1,9011,0.0,4194304,25.1
2021-06-18T17:54:31.1624031671,k8s-worker-2,9469,0.0,4194304,25.1
2021-06-18T17:54:34.1624031674,k8s-worker-1,9011,0.0,4194304,25.1
2021-06-18T17:54:34.1624031674,k8s-worker-2,9473,0.0,4194304,25.1
2021-06-18T17:54:37.1624031677,k8s-worker-1,9011,0.0,4194304,25.1
2021-06-18T17:54:37.1624031677,k8s-worker-2,9477,0.0,4194304,25.1
2021-06-18T17:54:40.1624031680,k8s-worker-1,9012,0.0,4194304,25.1
2021-06-18T17:54:40.1624031680,k8s-worker-2,9481,0.0,4194304,25.1
2021-06-18T17:54:43.1624031683,k8s-worker-1,9012,0.0,4194304,25.1
2021-06-18T17:54:43.1624031683,k8s-worker-2,9485,0.0,4194304,25.1
2021-06-18T17:54:46.1624031686,k8s-worker-1,9012,0.0,4194304,25.1
2021-06-18T17:54:46.1624031686,k8s-worker-2,9488,0.0,4194304,25.1
2021-06-18T17:54:49.1624031689,k8s-worker-1,9013,0.0,4194304,25.1
2021-06-18T17:54:49.1624031689,k8s-worker-2,9492,0.0,4194304,25.1
2021-06-18T17:54:52.1624031692,k8s-worker-1,9013,0.0,4194304,25.1
2021-06-18T17:54:52.1624031692,k8s-worker-2,9496,0.0,4194304,25.1
2021-06-18T17:54:55.1624031695,k8s-worker-1,9013,0.0,4194304,25.1
2021-06-18T17:54:55.1624031695,k8s-worker-2,9500,0.0,4194304,25.1
2021-06-18T17:54:58.1624031698,k8s-worker-1,9013,0.0,4194304,25.1
2021-06-18T17:54:58.1624031698,k8s-worker-2,9504,0.0,4194304,25.1
2021-06-18T17:55:01.1624031701,k8s-worker-1,9014,0.0,4194304,25.1
2021-06-18T17:55:01.1624031701,k8s-worker-2,9508,0.0,4194304,25.1
2021-06-18T17:55:04.1624031704,k8s-worker-1,9014,0.0,4194304,25.1
2021-06-18T17:55:04.1624031704,k8s-worker-2,9511,0.0,4194304,25.1
2021-06-18T17:55:07.1624031707,k8s-worker-1,9015,0.0,4194304,25.1
2021-06-18T17:55:07.1624031707,k8s-worker-2,9515,0.0,4194304,25.1
2021-06-18T17:55:10.1624031710,k8s-worker-1,9015,0.0,4194304,25.1
2021-06-18T17:55:10.1624031710,k8s-worker-2,9519,0.0,4194304,25.1
2021-06-18T17:55:13.1624031713,k8s-worker-1,9015,0.0,4194304,25.1
2021-06-18T17:55:13.1624031713,k8s-worker-2,9522,0.0,4194304,25.1
2021-06-18T17:55:16.1624031716,k8s-worker-1,9016,0.0,4194304,25.1
2021-06-18T17:55:16.1624031716,k8s-worker-2,9522,0.0,4194304,25.1
